Name,Email,DateTime
Marek Loníček,mark.lonicek@seznam.cz,2024-11-23 00:12:31
Ervín,mark.lonicek@seznam.cz,2024-11-23 01:15:44
Antonín,mark.lonicek@seznam.cz,2024-11-23 01:16:01
Marek,mark.lonicek@seznam.cz,2024-11-23 01:22:34
Antonín,mark.lonicek@seznam.cz,2024-11-23 01:29:22
MarekLoníček,mark.lonicek@seznam.cz,2024-11-23 01:31:05
Marek Loníček,mark.lonicek@seznam.cz,2024-11-23 01:36:06
Antonín,mark.lonicek@seznam.cz,2024-11-23 01:38:09
fdgdfgdf,mark.lonicek@seznam.cz,2024-11-23 01:38:18
AWDadawe,mark.lonicek@seznam.cz,2024-11-23 01:38:36
aaaa,mark.lonicek@seznam.cz,2024-11-23 01:38:56
ttrtre,mark.lonicek@seznam.cz,2024-11-23 01:39:06
asdfghj,mark.lonicek@seznam.cz,2024-11-23 01:39:16
wewewewe,mark.lonicek@seznam.cz,2024-11-23 01:39:41
wewewewe,mark.lonicek@seznam.cz,2024-11-23 01:42:06
iuz,mark.lonicek@seznam.cz,2024-11-23 01:44:05
popopop,mark.lonicek@seznam.cz,2024-11-23 01:46:31
Marek,mark.lonicek@seznam.cz,2024-11-23 01:56:58
ddggdzgsdgzgd,mark.lonicek@seznam.cz,2024-11-23 03:18:55
khgjk,mark.lonicek@seznam.cz,2024-11-23 03:51:34
asasasasas,mark.lonicek@seznam.cz,2024-11-23 04:28:45
